{
  "List Users" : {
    "transaction" : "List Users",
    "sampleCount" : 20,
    "errorCount" : 0,
    "errorPct" : 0.0,
    "meanResTime" : 331.65,
    "minResTime" : 20.0,
    "maxResTime" : 3038.0,
    "pct1ResTime" : 1930.3000000000038,
    "pct2ResTime" : 2991.649999999999,
    "pct3ResTime" : 3038.0,
    "throughput" : 5.321979776476849,
    "receivedKBytesPerSec" : 4.474828698775944,
    "sentKBytesPerSec" : 0.6444584885577435
  },
  "Total" : {
    "transaction" : "Total",
    "sampleCount" : 80,
    "errorCount" : 20,
    "errorPct" : 25.0,
    "meanResTime" : 566.8749999999999,
    "minResTime" : 20.0,
    "maxResTime" : 3237.0,
    "pct1ResTime" : 2219.000000000001,
    "pct2ResTime" : 3076.0,
    "pct3ResTime" : 3237.0,
    "throughput" : 14.237408791599927,
    "receivedKBytesPerSec" : 11.512105968588717,
    "sentKBytesPerSec" : 2.3462526695141483
  },
  "Create User" : {
    "transaction" : "Create User",
    "sampleCount" : 20,
    "errorCount" : 0,
    "errorPct" : 0.0,
    "meanResTime" : 77.3,
    "minResTime" : 37.0,
    "maxResTime" : 154.0,
    "pct1ResTime" : 90.7,
    "pct2ResTime" : 150.84999999999997,
    "pct3ResTime" : 154.0,
    "throughput" : 5.241090146750524,
    "receivedKBytesPerSec" : 3.1423508746069184,
    "sentKBytesPerSec" : 1.1208972091194969
  },
  "Users" : {
    "transaction" : "Users",
    "sampleCount" : 20,
    "errorCount" : 0,
    "errorPct" : 0.0,
    "meanResTime" : 1801.45,
    "minResTime" : 808.0,
    "maxResTime" : 3237.0,
    "pct1ResTime" : 3187.9,
    "pct2ResTime" : 3235.15,
    "pct3ResTime" : 3237.0,
    "throughput" : 6.044122091266243,
    "receivedKBytesPerSec" : 7.277736854034451,
    "sentKBytesPerSec" : 0.7673201873677848
  },
  "Missing Password" : {
    "transaction" : "Missing Password",
    "sampleCount" : 20,
    "errorCount" : 20,
    "errorPct" : 100.0,
    "meanResTime" : 57.1,
    "minResTime" : 36.0,
    "maxResTime" : 77.0,
    "pct1ResTime" : 76.0,
    "pct2ResTime" : 76.95,
    "pct3ResTime" : 77.0,
    "throughput" : 5.271481286241434,
    "receivedKBytesPerSec" : 3.109350289931471,
    "sentKBytesPerSec" : 1.0398820506062203
  }
}